timestamp,open,high,low,close,volume,turnover,date
1691366400000,0.5252,0.6057,0.5132,0.59225,5966051,3301188.14755,2023-08-07
1691452800000,0.59225,0.644,0.54405,0.5506,26067054,15427822.92295,2023-08-08
1691539200000,0.5506,0.733,0.50565,0.53265,144162456,90295541.75275,2023-08-09
1691625600000,0.53265,0.63975,0.52785,0.6189,159981727,94589746.10775,2023-08-10
1691712000000,0.6189,0.63385,0.4882,0.54985,136302618,74046434.9539,2023-08-11
1691798400000,0.54985,0.5567,0.5129,0.5226,42367114,22540820.4796,2023-08-12
1691884800000,0.5226,0.53445,0.4829,0.48885,22491510,11552970.48625,2023-08-13
1691971200000,0.48885,0.50645,0.4677,0.485,23689846,11519379.69995,2023-08-14
1692057600000,0.485,0.48715,0.40995,0.4338,28141166,12667539.84575,2023-08-15
1692144000000,0.4338,0.4705,0.423,0.4531,44221710,19687207.5662,2023-08-16
1692230400000,0.4531,0.4629,0.34525,0.3993,46749166,19559400.8672,2023-08-17
1692316800000,0.3993,0.4207,0.39325,0.4134,21684207,8776034.81675,2023-08-18
1692403200000,0.4134,0.4238,0.4053,0.4073,8491745,3509476.08335,2023-08-19
1692489600000,0.4073,0.4139,0.40135,0.40535,8386453,3410582.6381,2023-08-20
1692576000000,0.40535,0.42345,0.39485,0.4181,10270103,4197799.39795,2023-08-21
1692662400000,0.4181,0.4851,0.4053,0.4311,47565085,20912762.466,2023-08-22
1692748800000,0.4311,0.44135,0.4193,0.4365,7384881,3175115.32625,2023-08-23
1692835200000,0.4365,0.43925,0.40975,0.41605,4072864,1734792.60275,2023-08-24
1692921600000,0.41605,0.41605,0.4029,0.4085,3591132,1465199.66745,2023-08-25
1693008000000,0.4085,0.41455,0.40465,0.40645,2559483,1047558.94685,2023-08-26
1693094400000,0.40645,0.41235,0.4015,0.40695,2359982,958842.34025,2023-08-27
1693180800000,0.40695,0.4222,0.4011,0.4087,8024261,3294693.4432,2023-08-28
1693267200000,0.4087,0.44505,0.4087,0.4368,17291306,7394260.42115,2023-08-29
1693353600000,0.4368,0.4376,0.4223,0.42805,4403199,1893206.11715,2023-08-30
1693440000000,0.42805,0.433,0.40945,0.41685,6082789,2576674.9585,2023-08-31
1693526400000,0.41685,0.42435,0.4058,0.4129,4499594,1871929.85165,2023-09-01
1693612800000,0.4129,0.4205,0.409,0.41655,2844010,1178800.96415,2023-09-02
1693699200000,0.41655,0.467,0.416,0.4274,22587452,9887251.10265,2023-09-03
1693785600000,0.4274,0.43955,0.41275,0.42285,9526474,4078066.3096,2023-09-04
1693872000000,0.42285,0.4305,0.4173,0.42525,4254738,1797378.27905,2023-09-05
1693958400000,0.42525,0.44765,0.4224,0.43975,15519950,6766015.0018,2023-09-06
1694044800000,0.43975,0.4404,0.4194,0.43705,6693524,2874282.29295,2023-09-07
1694131200000,0.43705,0.4406,0.42025,0.43155,2947915,1265055.96995,2023-09-08
1694217600000,0.43155,0.4359,0.4196,0.4245,4653376,1992750.421,2023-09-09
1694304000000,0.4245,0.4248,0.39385,0.4037,6526789,2665532.91645,2023-09-10
1694390400000,0.4037,0.4063,0.37785,0.38855,5477744,2136716.9876,2023-09-11
1694476800000,0.38855,0.4009,0.38475,0.38785,3284637,1288125.3964,2023-09-12
1694563200000,0.38785,0.4047,0.38375,0.38905,4883107,1923089.7823,2023-09-13
1694649600000,0.38905,0.39915,0.3867,0.3935,5648613,2205494.4296,2023-09-14
1694736000000,0.3935,0.45265,0.39045,0.4443,25831366,11016192.9499,2023-09-15
1694822400000,0.4443,0.46405,0.41445,0.43065,20942556,9125102.82845,2023-09-16
1694908800000,0.43065,0.43095,0.40065,0.40375,5491837,2266265.907,2023-09-17
1694995200000,0.40375,0.42305,0.40035,0.40335,6472698,2658469.17655,2023-09-18
1695081600000,0.40335,0.4182,0.40205,0.41445,3994375,1635962.42875,2023-09-19
1695168000000,0.41445,0.4182,0.40325,0.41315,2004912,820397.00425,2023-09-20
1695254400000,0.41315,0.4167,0.39625,0.39755,3512943,1425721.01745,2023-09-21
1695340800000,0.39755,0.40715,0.39315,0.405,1667501,669484.76205,2023-09-22
1695427200000,0.405,0.40785,0.39615,0.40285,1651874,662075.94255,2023-09-23
1695513600000,0.40285,0.403,0.38875,0.3905,1725323,681919.3983,2023-09-24
1695600000000,0.3905,0.40415,0.38735,0.39825,3368856,1338832.5286,2023-09-25
1695686400000,0.39825,0.40285,0.3908,0.39705,1794342,713314.00665,2023-09-26
1695772800000,0.39705,0.40285,0.3908,0.39465,1156506,457477.2832,2023-09-27
1695859200000,0.39465,0.40685,0.3942,0.4047,793321,318287.20095,2023-09-28
1695945600000,0.4047,0.4155,0.3967,0.4085,1606010,651513.63885,2023-09-29
1696032000000,0.4085,0.4164,0.40525,0.41505,1078215,443685.15075,2023-09-30
1696118400000,0.41505,0.4276,0.4087,0.42255,2188623,914500.07455,2023-10-01
1696204800000,0.42255,0.424,0.3946,0.3995,2407968,981609.90575,2023-10-02
1696291200000,0.3995,0.4046,0.39355,0.3964,744343,297752.04925,2023-10-03
1696377600000,0.3964,0.3982,0.3818,0.39475,1464591,571445.7373,2023-10-04
1696464000000,0.39475,0.3971,0.3881,0.3898,889248,349020.50465,2023-10-05
1696550400000,0.3898,0.4,0.38715,0.39615,593082,232799.03575,2023-10-06
1696636800000,0.39615,0.40055,0.3892,0.39385,1474299,581323.4331,2023-10-07
1696723200000,0.39385,0.60625,0.3935,0.5947,674960134,362916796.9794,2023-10-08
1696809600000,0.5947,0.62665,0.4913,0.53155,820699057,461437359.7307,2023-10-09
1696896000000,0.53155,0.541,0.48905,0.4998,167834610,86614120.67415,2023-10-10
1696982400000,0.4998,0.5887,0.4834,0.53915,269168541,146164333.446,2023-10-11
1697068800000,0.53915,0.55245,0.50015,0.50645,112719445,58184570.91665,2023-10-12
1697155200000,0.50645,0.5194,0.4807,0.5058,64552489,32418940.964,2023-10-13
1697241600000,0.5058,0.5177,0.4931,0.49665,38124980,19263073.51285,2023-10-14
1697328000000,0.49665,0.58645,0.49645,0.5557,115611784,63149131.2252,2023-10-15
1697414400000,0.5557,0.5923,0.54295,0.5702,58278674,32891278.10895,2023-10-16
1697500800000,0.5702,0.6247,0.55915,0.56795,74989931,44307369.1623,2023-10-17
1697587200000,0.56795,0.65735,0.5472,0.56105,104203758,62547481.31165,2023-10-18
1697673600000,0.56105,0.60695,0.53345,0.58585,66797278,38735016.87145,2023-10-19
1697760000000,0.58585,0.6228,0.54155,0.55455,61407164,35980103.2886,2023-10-20
1697846400000,0.55455,0.5591,0.54305,0.54555,19715205,10836089.76485,2023-10-21
1697932800000,0.54555,0.56515,0.5417,0.55795,17654791,9750068.813,2023-10-22
1698019200000,0.55795,0.5933,0.54465,0.57765,22168669,12513441.58525,2023-10-23
1698105600000,0.57765,0.6434,0.5411,0.5674,64510545,37926795.9777,2023-10-24
1698192000000,0.5674,0.58235,0.5359,0.5522,27226201,15044047.09085,2023-10-25
1698278400000,0.5522,0.5594,0.5152,0.53325,19489346,10471677.3348,2023-10-26
1698364800000,0.53325,0.5475,0.5161,0.52795,11720365,6223126.22435,2023-10-27
1698451200000,0.52795,0.5462,0.52725,0.53905,5891335,3174201.0733,2023-10-28
1698537600000,0.53905,0.57685,0.52955,0.5642,18452038,10291489.5491,2023-10-29
1698624000000,0.5642,0.5727,0.53545,0.54375,17933873,9910389.335,2023-10-30
1698710400000,0.54375,0.5543,0.51385,0.5337,14528815,7765019.1889,2023-10-31
1698796800000,0.5337,0.54955,0.51455,0.5413,10455557,5527859.91375,2023-11-01
1698883200000,0.5413,0.55225,0.5139,0.52335,13996201,7497597.85015,2023-11-02
1698969600000,0.52335,0.5453,0.5074,0.54355,14090336,7365612.59815,2023-11-03
1699056000000,0.54355,0.5473,0.5306,0.53995,9270615,5003579.52795,2023-11-04
1699142400000,0.53995,0.5569,0.53325,0.5531,13646171,7469833.4737,2023-11-05
1699228800000,0.5531,0.5808,0.54785,0.57105,12063226,6780628.0033,2023-11-06
1699315200000,0.57105,0.6005,0.5558,0.5805,15648620,8979997.93225,2023-11-07
1699401600000,0.5805,0.72885,0.5759,0.7111,59216685,39752171.4683,2023-11-08
1699488000000,0.7111,0.8496,0.67855,0.82715,73461446,54683310.0692,2023-11-09
1699574400000,0.82715,0.96675,0.77715,0.96285,62492739,54683227.5993,2023-11-10
1699660800000,0.96285,1.18335,0.88665,1.1536,62154291,62241564.81025,2023-11-11
1699747200000,1.1536,1.4928,1.0536,1.47155,94926733,120199816.09685,2023-11-12
1699833600000,1.47155,1.9618,0.81615,0.8502,265916881,301015467.9158,2023-11-13
1699920000000,0.8502,0.87685,0.74465,0.7948,41207393,33929711.47265,2023-11-14
1700006400000,0.7948,0.8425,0.79455,0.8225,14323661,11778137.7893,2023-11-15
1700092800000,0.8225,0.8363,0.76325,0.78105,11459895,9230695.2503,2023-11-16
1700179200000,0.78105,0.82,0.7298,0.7676,10278716,7944577.6665,2023-11-17
1700265600000,0.7676,0.7828,0.7215,0.7733,7118788,5399387.2073,2023-11-18
1700352000000,0.7733,0.79175,0.7561,0.7763,5642935,4363259.25395,2023-11-19
1700438400000,0.7763,0.7805,0.7385,0.74965,6750711,5148136.49485,2023-11-20
1700524800000,0.74965,0.76105,0.6886,0.70105,14692697,10828629.74895,2023-11-21
1700611200000,0.70105,0.75915,0.7002,0.74675,7581709,5581207.197,2023-11-22
1700697600000,0.74675,0.7705,0.7388,0.76235,6239257,4715899.0873,2023-11-23
1700784000000,0.76235,0.77055,0.7515,0.76335,5423926,4130222.84955,2023-11-24
1700870400000,0.76335,0.776,0.7476,0.7608,3496049,2667180.17345,2023-11-25
1700956800000,0.7608,0.78995,0.73105,0.75025,6391430,4855513.06435,2023-11-26
1701043200000,0.75025,0.757,0.71415,0.7305,3582070,2622561.25075,2023-11-27
1701129600000,0.7305,0.7543,0.7162,0.7456,3179646,2343876.51055,2023-11-28
1701216000000,0.7456,0.75355,0.72935,0.7317,1650587,1223427.9148,2023-11-29
1701302400000,0.7317,0.7666,0.73075,0.7581,4862237,3660357.4365,2023-11-30
1701388800000,0.7581,0.7683,0.7528,0.7642,2867668,2178208.0225,2023-12-01
1701475200000,0.7642,0.79875,0.7627,0.79265,3986121,3121172.91895,2023-12-02
1701561600000,0.79265,0.82775,0.77135,0.78025,5338187,4258727.7483,2023-12-03
1701648000000,0.78025,0.79645,0.7345,0.78625,4420822,3421477.69295,2023-12-04
1701734400000,0.78625,0.80605,0.7693,0.79315,3882844,3058560.1731,2023-12-05
1701820800000,0.79315,0.80415,0.7567,0.76575,3973348,3092355.40175,2023-12-06
1701907200000,0.76575,0.7948,0.75635,0.78695,3500029,2719099.0159,2023-12-07
1701993600000,0.78695,0.8135,0.78065,0.811,2769997,2195396.80345,2023-12-08
1702080000000,0.811,0.84545,0.7931,0.81355,6150889,5036711.78235,2023-12-09
1702166400000,0.81355,0.8208,0.7768,0.8077,4216002,3371891.7914,2023-12-10
1702252800000,0.8077,0.8141,0.6574,0.72475,9633351,7011698.8755,2023-12-11
1702339200000,0.72475,0.7447,0.71325,0.73345,2401196,1755091.58295,2023-12-12
1702425600000,0.73345,0.7408,0.6958,0.7316,3182676,2279548.70235,2023-12-13
1702512000000,0.7316,0.7616,0.70985,0.7536,3340169,2455275.263,2023-12-14
1702598400000,0.7536,0.75385,0.7026,0.7063,2209531,1610857.67725,2023-12-15
1702684800000,0.7063,0.7581,0.6987,0.73585,1825367,1339948.9154,2023-12-16
1702771200000,0.73585,0.7386,0.7084,0.7119,1630103,1184128.1621,2023-12-17
1702857600000,0.7119,0.7199,0.6673,0.7151,2881245,1989161.8469,2023-12-18
1702944000000,0.7151,0.73045,0.6945,0.7074,2438349,1743233.9244,2023-12-19
1703030400000,0.7074,0.73175,0.70085,0.71525,1952481,1403789.62455,2023-12-20
1703116800000,0.71525,0.73995,0.70915,0.73765,1475615,1073424.2788,2023-12-21
1703203200000,0.73765,0.76675,0.7315,0.76615,4159598,3102020.04415,2023-12-22
1703289600000,0.76615,0.76925,0.7309,0.7576,3145351,2353325.62515,2023-12-23
1703376000000,0.7576,0.78975,0.734,0.7482,4860120,3719779.6921,2023-12-24
1703462400000,0.7482,0.77935,0.7386,0.7743,2093155,1604021.8295,2023-12-25
1703548800000,0.7743,0.7895,0.7213,0.7672,4702434,3583060.65225,2023-12-26
1703635200000,0.7672,0.8201,0.74355,0.80325,5798307,4585572.9,2023-12-27
1703721600000,0.80325,0.81355,0.75315,0.7749,3774612,2958949.46565,2023-12-28
1703808000000,0.7749,0.78355,0.72955,0.75475,3687102,2800961.6714,2023-12-29
1703894400000,0.75475,0.7595,0.73065,0.7364,1249299,930133.94125,2023-12-30
1703980800000,0.7364,0.76685,0.72125,0.73475,1937422,1443789.73505,2023-12-31
1704067200000,0.73475,0.7716,0.719,0.77095,2197533,1640033.63475,2024-01-01
1704153600000,0.77095,0.82,0.7552,0.762,3339803,2624910.0685,2024-01-02
1704240000000,0.762,0.7944,0.5998,0.71855,11860080,8476860.7684,2024-01-03
1704326400000,0.71855,0.80765,0.6994,0.78565,6419691,4902153.25595,2024-01-04
1704412800000,0.78565,0.79065,0.7185,0.74945,4911372,3678248.59355,2024-01-05
1704499200000,0.74945,0.7527,0.71105,0.7346,2132877,1563598.10725,2024-01-06
1704585600000,0.7346,0.76535,0.7002,0.71215,2060088,1514733.23045,2024-01-07
1704672000000,0.71215,0.76235,0.6768,0.754,4335023,3112328.20695,2024-01-08
1704758400000,0.754,0.75595,0.7048,0.7372,3225552,2350281.4974,2024-01-09
1704844800000,0.7372,0.7956,0.7225,0.78365,2455487,1831563.02595,2024-01-10
1704931200000,0.78365,0.8183,0.7705,0.7987,2469360,1960605.18215,2024-01-11
1705017600000,0.7987,0.8178,0.7306,0.7592,4641280,3679931.7362,2024-01-12
1705104000000,0.7592,0.78145,0.73355,0.77385,1668618,1274020.0812,2024-01-13
1705190400000,0.77385,0.7821,0.741,0.7423,1446230,1108498.57855,2024-01-14
1705276800000,0.7423,0.7952,0.74185,0.7677,3050191,2365641.6773,2024-01-15
1705363200000,0.7677,0.7946,0.7591,0.7827,2221755,1731452.8811,2024-01-16
1705449600000,0.7827,0.79375,0.76645,0.7841,1329023,1040041.59515,2024-01-17
1705536000000,0.7841,0.8018,0.7174,0.73225,2565336,1965513.93515,2024-01-18
1705622400000,0.73225,0.7567,0.70485,0.74675,2055130,1503645.58135,2024-01-19
1705708800000,0.74675,0.7704,0.7379,0.75835,2000579,1507631.2735,2024-01-20
1705795200000,0.75835,0.7613,0.7387,0.7395,673468,506505.154,2024-01-21
1705881600000,0.7395,0.7441,0.67765,0.6903,2035319,1449230.0813,2024-01-22
1705968000000,0.6903,0.70275,0.63705,0.6739,1738867,1160536.9389,2024-01-23
1706054400000,0.6739,0.6869,0.66215,0.67755,763263,514105.146,2024-01-24
1706140800000,0.67755,0.6784,0.6511,0.66875,724476,482352.5086,2024-01-25
1706227200000,0.66875,0.69405,0.66385,0.69105,718473,490506.2876,2024-01-26
1706313600000,0.69105,0.70665,0.6833,0.695,1068948,743401.4575,2024-01-27
1706400000000,0.695,0.7052,0.677,0.68535,651459,451101.6102,2024-01-28
1706486400000,0.68535,0.7076,0.67965,0.7068,795822,554722.174,2024-01-29
1706572800000,0.7068,0.72255,0.6999,0.7066,642930,459166.0476,2024-01-30
1706659200000,0.7066,0.72265,0.68365,0.69,1129119,796770.77355,2024-01-31
1706745600000,0.69,0.70795,0.67205,0.7077,901783,620396.19265,2024-02-01
1706832000000,0.7077,0.73235,0.70695,0.7274,3090570,2237830.6273,2024-02-02
1706918400000,0.7274,0.7297,0.7133,0.71675,882674,635988.54875,2024-02-03
1707004800000,0.71675,0.7192,0.6958,0.69825,817255,577125.5747,2024-02-04
1707091200000,0.69825,0.72555,0.6851,0.7125,1063234,752590.4166,2024-02-05
1707177600000,0.7125,0.7251,0.70385,0.7173,832506,596045.3789,2024-02-06
1707264000000,0.7173,0.7325,0.7127,0.72385,1096483,792791.64675,2024-02-07
1707350400000,0.72385,0.7419,0.72355,0.73555,1070959,782717.16755,2024-02-08
1707436800000,0.73555,0.7512,0.7337,0.7495,890710,663168.94535,2024-02-09
1707523200000,0.7495,0.7653,0.73725,0.76275,975447,735464.69735,2024-02-10
1707609600000,0.76275,0.807,0.75855,0.769,2316570,1804321.5935,2024-02-11
1707696000000,0.769,0.7982,0.7567,0.7961,1491606,1159530.80705,2024-02-12
1707782400000,0.7961,0.80095,0.76915,0.7894,1486926,1167863.08685,2024-02-13
1707868800000,0.7894,0.8306,0.78305,0.8177,1607850,1304567.98685,2024-02-14
1707955200000,0.8177,0.85955,0.81765,0.84095,5214258,4375996.95885,2024-02-15
1708041600000,0.84095,0.8812,0.812,0.8223,3464580,2925017.6189,2024-02-16
1708128000000,0.8223,0.82445,0.77145,0.8003,2349456,1866980.17495,2024-02-17
1708214400000,0.8003,0.80755,0.78005,0.8025,2038123,1621466.6879,2024-02-18
1708300800000,0.8025,0.8268,0.79995,0.81505,3174239,2585499.1062,2024-02-19
1708387200000,0.81505,0.82705,0.74825,0.7891,3656387,2905498.43125,2024-02-20
1708473600000,0.7891,0.7914,0.73095,0.76185,2126962,1599477.3154,2024-02-21
1708560000000,0.76185,0.7837,0.74335,0.7668,1206508,925567.29495,2024-02-22
1708646400000,0.7668,0.7759,0.7439,0.7569,1609893,1225638.98415,2024-02-23
1708732800000,0.7569,0.7942,0.74345,0.78835,2508147,1957565.8435,2024-02-24
1708819200000,0.78835,0.80915,0.777,0.8043,2570022,2039805.0402,2024-02-25
1708905600000,0.8043,0.83485,0.78345,0.82995,3908598,3174737.77725,2024-02-26
1708992000000,0.82995,0.91375,0.82165,0.87105,6293972,5494949.1924,2024-02-27
1709078400000,0.87105,0.8993,0.78095,0.8714,4224081,3618710.9881,2024-02-28
1709164800000,0.8714,0.9005,0.8286,0.851,2532289,2221803.6602,2024-02-29
1709251200000,0.851,0.91335,0.851,0.90065,2061749,1840500.13515,2024-03-01
1709337600000,0.90065,0.9205,0.87615,0.91995,3196622,2874312.41465,2024-03-02
1709424000000,0.91995,0.9392,0.823,0.91275,2396648,2147645.41535,2024-03-03
1709510400000,0.91275,0.94255,0.8921,0.9345,4080245,3736576.9575,2024-03-04
1709596800000,0.9345,0.9735,0.734,0.85615,9142921,8324725.83565,2024-03-05
1709683200000,0.85615,0.9354,0.82885,0.92975,2682862,2405514.9463,2024-03-06
1709769600000,0.92975,0.96675,0.9129,0.95705,1798445,1686430.57735,2024-03-07
1709856000000,0.95705,0.96875,0.90115,0.9522,1752562,1650636.6245,2024-03-08
1709942400000,0.9522,0.98155,0.9424,0.96265,1676915,1620593.0202,2024-03-09
1710028800000,0.96265,0.97635,0.9216,0.959,1716347,1638903.0939,2024-03-10
1710115200000,0.959,1.0287,0.91255,1.00155,2801012,2748842.09285,2024-03-11
1710201600000,1.00155,1.01115,0.92075,1.0082,3075940,3004313.14695,2024-03-12
1710288000000,1.0082,1.0616,0.99,1.0078,2875784,2938597.27295,2024-03-13
1710374400000,1.0078,1.01485,0.91705,0.9909,2951680,2890051.6817,2024-03-14
1710460800000,0.9909,1.0014,0.8328,0.91695,2382222,2146472.94505,2024-03-15
1710547200000,0.91695,0.9293,0.8332,0.84845,1398019,1233445.7004,2024-03-16
1710633600000,0.84845,0.8814,0.80245,0.86845,1096452,932415.0144,2024-03-17
1710720000000,0.86845,0.87835,0.8138,0.83535,1084069,916269.9799,2024-03-18
1710806400000,0.83535,0.8442,0.7321,0.7512,2373532,1834532.23785,2024-03-19
1710892800000,0.7512,0.83215,0.718,0.8255,2600838,2005980.1962,2024-03-20
1710979200000,0.8255,0.8363,0.79545,0.81915,1383467,1133849.75165,2024-03-21
1711065600000,0.81915,0.83955,0.76435,0.79585,1533106,1219518.93835,2024-03-22
1711152000000,0.79585,0.8261,0.7828,0.8037,1000639,809044.22715,2024-03-23
1711238400000,0.8037,0.83215,0.7943,0.829,973036,790195.6219,2024-03-24
1711324800000,0.829,0.87015,0.81925,0.86715,1175561,988980.0748,2024-03-25
1711411200000,0.86715,0.9116,0.86505,0.89715,1016996,907680.66595,2024-03-26
1711497600000,0.89715,0.9133,0.8545,0.8812,885085,782233.7005,2024-03-27
1711584000000,0.8812,0.908,0.85385,0.8898,983806,871945.4932,2024-03-28
1711670400000,0.8898,0.90185,0.865,0.8874,697866,618259.4201,2024-03-29
1711756800000,0.8874,0.90605,0.8727,0.88,558051,497551.4028,2024-03-30
1711843200000,0.88,0.92525,0.8768,0.9227,874826,795540.18355,2024-03-31
1711929600000,0.9227,0.9233,0.8319,0.863,1259844,1092411.5019,2024-04-01
1712016000000,0.863,0.8657,0.7797,0.79415,1067105,866004.62385,2024-04-02
1712102400000,0.79415,0.8221,0.767,0.7925,1093311,871625.29485,2024-04-03
1712188800000,0.7925,0.8371,0.7748,0.81445,2859375,2341577.67225,2024-04-04
1712275200000,0.81445,0.82905,0.77965,0.8164,2078928,1670153.0512,2024-04-05
1712361600000,0.8164,0.83685,0.8032,0.81665,1492448,1221999.7611,2024-04-06
1712448000000,0.81665,0.898,0.81365,0.88405,4605997,4015458.0485,2024-04-07
1712534400000,0.88405,0.9266,0.8655,0.906,5207137,4692715.1987,2024-04-08
1712620800000,0.906,0.9083,0.83995,0.84515,2478851,2176895.36695,2024-04-09
1712707200000,0.84515,0.87895,0.8117,0.8658,2509000,2123568.6611,2024-04-10
1712793600000,0.8658,0.87775,0.8454,0.8752,1415658,1224773.92195,2024-04-11
1712880000000,0.8752,0.90235,0.64095,0.79755,11285975,9110805.37265,2024-04-12
1712966400000,0.79755,0.9174,0.6316,0.7839,49080191,40300029.08625,2024-04-13
1713052800000,0.7839,0.80205,0.678,0.74375,16190503,11817879.29395,2024-04-14
1713139200000,0.74375,0.7673,0.6738,0.69275,8105291,5876609.6583,2024-04-15
1713225600000,0.69275,0.7232,0.6601,0.7172,3611481,2497454.32805,2024-04-16
1713312000000,0.7172,0.7202,0.666,0.68095,2496435,1731639.2228,2024-04-17
1713398400000,0.68095,0.71005,0.66775,0.6977,1778724,1227002.38405,2024-04-18
1713484800000,0.6977,0.72465,0.6617,0.70445,5769442,4014643.62395,2024-04-19
1713571200000,0.70445,0.74405,0.6948,0.73445,1713534,1226632.77475,2024-04-20
1713657600000,0.73445,0.7385,0.70675,0.721,1527450,1106898.38235,2024-04-21
1713744000000,0.721,0.7601,0.71625,0.7536,1588252,1176133.8531,2024-04-22
1713830400000,0.7536,0.7567,0.73275,0.73885,1180719,876390.7956,2024-04-23
1713916800000,0.73885,0.7726,0.7145,0.7248,3143135,2347814.1914,2024-04-24
1714003200000,0.7248,0.734,0.6946,0.7146,2281314,1628193.7479,2024-04-25
1714089600000,0.7146,0.71865,0.6965,0.71245,1427527,1012053.94605,2024-04-26
1714176000000,0.71245,0.7197,0.67815,0.71295,1592522,1117164.2573,2024-04-27
1714262400000,0.71295,0.7278,0.7004,0.7038,1134867,812813.3176,2024-04-28
1714348800000,0.7038,0.71035,0.6761,0.69615,1710396,1179877.78335,2024-04-29
1714435200000,0.69615,0.7056,0.6384,0.66075,3027470,2002732.6174,2024-04-30
1714521600000,0.66075,0.66775,0.6105,0.6607,3095860,1991554.14575,2024-05-01
1714608000000,0.6607,0.67845,0.641,0.67085,1278585,846539.4452,2024-05-02
1714694400000,0.67085,0.70385,0.6572,0.696,1337876,908178.80745,2024-05-03
1714780800000,0.696,0.7129,0.68905,0.70015,1588677,1114946.9679,2024-05-04
1714867200000,0.70015,0.71,0.6857,0.7062,1368516,958108.52115,2024-05-05
1714953600000,0.7062,0.7274,0.69345,0.69755,2110438,1494180.97105,2024-05-06
1715040000000,0.69755,0.71305,0.6863,0.6885,1497016,1049471.80855,2024-05-07
1715126400000,0.6885,0.708,0.6747,0.68865,1398184,961956.6818,2024-05-08
1715212800000,0.68865,0.7138,0.6821,0.70945,822539,575044.77675,2024-05-09
1715299200000,0.70945,0.7216,0.6791,0.6899,1026797,718889.56685,2024-05-10
1715385600000,0.6899,0.69895,0.6731,0.67435,734256,504017.2267,2024-05-11
1715472000000,0.67435,0.67825,0.65865,0.66705,720593,483400.59795,2024-05-12
1715558400000,0.66705,0.68805,0.6446,0.66855,1024565,684436.0007,2024-05-13
1715644800000,0.66855,0.6756,0.6524,0.65515,1429614,950019.47295,2024-05-14
1715731200000,0.65515,0.69705,0.6533,0.69565,1076840,726635.77905,2024-05-15
1715817600000,0.69565,0.7099,0.68555,0.706,1062702,741058.68125,2024-05-16
1715904000000,0.706,0.74345,0.70065,0.7311,1328984,963885.74705,2024-05-17
1715990400000,0.7311,0.7409,0.72605,0.7372,881957,647962.16225,2024-05-18
1716076800000,0.7372,0.7406,0.71845,0.7269,1182257,861733.3968,2024-05-19
1716163200000,0.7269,0.792,0.71615,0.7895,3088526,2309081.2589,2024-05-20
1716249600000,0.7895,0.80895,0.77735,0.7945,1435457,1143771.48465,2024-05-21
1716336000000,0.7945,0.8039,0.7716,0.78405,1260578,992426.4991,2024-05-22
1716422400000,0.78405,0.8224,0.7577,0.79775,2208599,1745215.524,2024-05-23
1716508800000,0.79775,0.81705,0.773,0.80895,961208,767548.81085,2024-05-24
1716595200000,0.80895,0.81595,0.791,0.8145,798542,641289.24855,2024-05-25
1716681600000,0.8145,0.82015,0.79865,0.8104,811184,655743.27385,2024-05-26
1716768000000,0.8104,0.84525,0.8058,0.83965,1075581,886782.56065,2024-05-27
1716854400000,0.83965,0.8456,0.79395,0.80785,2587380,2117087.22,2024-05-28
1716940800000,0.80785,0.82505,0.798,0.80335,1449741,1174939.76905,2024-05-29
1717027200000,0.80335,0.82765,0.7871,0.8089,1468034,1186204.3234,2024-05-30
1717113600000,0.8089,0.81705,0.7902,0.8126,1287677,1035924.45055,2024-05-31
1717200000000,0.8126,0.82335,0.8055,0.8148,635752,517736.6656,2024-06-01
1717286400000,0.8148,0.82095,0.7977,0.80485,959762,776819.7649,2024-06-02
1717372800000,0.80485,0.83595,0.7993,0.80905,1258475,1034480.44925,2024-06-03
1717459200000,0.80905,0.83435,0.803,0.83285,1238696,1011621.43915,2024-06-04
1717545600000,0.83285,0.83865,0.81905,0.82555,1009222,835831.235,2024-06-05
1717632000000,0.82555,0.82605,0.79345,0.8015,1793021,1457887.2911,2024-06-06
1717718400000,0.8015,0.81655,0.7,0.7667,3337336,2558613.3031,2024-06-07
1717804800000,0.7667,0.77145,0.7221,0.7274,1417558,1054394.4421,2024-06-08
1717891200000,0.7274,0.73705,0.725,0.735,772511,564560.55795,2024-06-09
1717977600000,0.735,0.7434,0.71815,0.7289,1969799,1441003.75155,2024-06-10
1718064000000,0.7289,0.73335,0.68655,0.69495,2788888,1970749.7015,2024-06-11
1718150400000,0.69495,0.74295,0.6853,0.71825,2587013,1855339.7048,2024-06-12
1718236800000,0.71825,0.7223,0.68425,0.6903,2585118,1815797.08145,2024-06-13
1718323200000,0.6903,0.70905,0.66645,0.6834,2726887,1876427.8778,2024-06-14
1718409600000,0.6834,0.6954,0.6756,0.6905,1255637,863002.52455,2024-06-15
1718496000000,0.6905,0.69945,0.6792,0.6964,972887,673207.40605,2024-06-16
1718582400000,0.6964,0.70055,0.6429,0.66025,3064974,2057251.80085,2024-06-17
1718668800000,0.66025,0.661,0.59235,0.6359,4793187,3005151.76505,2024-06-18
1718755200000,0.6359,0.65865,0.6312,0.64575,2118945,1370351.49035,2024-06-19
1718841600000,0.64575,0.6724,0.64,0.64285,1965635,1283672.27135,2024-06-20
1718928000000,0.64285,0.6532,0.6304,0.6398,2401410,1540826.13035,2024-06-21
1719014400000,0.6398,0.63995,0.62435,0.6263,1112899,704038.66595,2024-06-22
1719100800000,0.6263,0.64095,0.61195,0.61545,1183674,742708.17585,2024-06-23
1719187200000,0.61545,0.62025,0.58265,0.61655,3087810,1865659.4581,2024-06-24
1719273600000,0.61655,0.6372,0.61325,0.62985,1023740,639970.28675,2024-06-25
1719360000000,0.62985,0.6355,0.6102,0.62075,2146951,1339649.63455,2024-06-26
1719446400000,0.62075,0.64065,0.61365,0.6388,924516,579497.8751,2024-06-27
1719532800000,0.6388,0.644,0.623,0.6233,974665,619464.7828,2024-06-28
1719619200000,0.6233,0.63285,0.6094,0.61195,662406,411578.48925,2024-06-29
1719705600000,0.61195,0.63475,0.6069,0.63195,758471,470136.2424,2024-06-30
1719792000000,0.63195,0.64215,0.62535,0.6302,778239,493894.22565,2024-07-01
1719878400000,0.6302,0.63855,0.6225,0.6301,843878,532217.9839,2024-07-02
1719964800000,0.6301,0.63155,0.58825,0.6005,1138091,690503.68025,2024-07-03
1720051200000,0.6005,0.60425,0.541,0.54415,1796972,1023354.4147,2024-07-04
1720137600000,0.54415,0.54575,0.4864,0.54175,3070239,1596538.80555,2024-07-05
1720224000000,0.54175,0.5674,0.5341,0.56235,753138,414599.2938,2024-07-06
1720310400000,0.56235,0.56565,0.52365,0.52545,793216,435119.05365,2024-07-07
1720396800000,0.52545,0.5627,0.50525,0.54515,1761537,942874.1019,2024-07-08
1720483200000,0.54515,0.5658,0.5423,0.5585,679530,377355.45505,2024-07-09
1720569600000,0.5585,0.5676,0.5492,0.5615,666763,372900.04765,2024-07-10
1720656000000,0.5615,0.5721,0.5491,0.552,601205,338005.26585,2024-07-11
1720742400000,0.552,0.565,0.5428,0.564,895871,496012.16485,2024-07-12
1720828800000,0.564,0.5774,0.56175,0.57205,553584,314550.6878,2024-07-13
1720915200000,0.57205,0.5885,0.56945,0.5857,1962975,1137124.48745,2024-07-14
1721001600000,0.5857,0.63115,0.5837,0.6297,1125214,679993.6949,2024-07-15
1721088000000,0.6297,0.6392,0.60005,0.6318,1558937,973929.16655,2024-07-16
1721174400000,0.6318,0.64565,0.61785,0.6234,1059041,672074.46135,2024-07-17
1721260800000,0.6234,0.64585,0.61465,0.6294,969272,613096.0606,2024-07-18
1721347200000,0.6294,0.6522,0.61455,0.64975,827482,523811.81315,2024-07-19
1721433600000,0.64975,0.66075,0.6382,0.64075,1550491,1009119.51475,2024-07-20
1721520000000,0.64075,0.6567,0.6144,0.65035,1234539,787990.45985,2024-07-21
1721606400000,0.65035,0.65675,0.62105,0.62675,885239,565638.88235,2024-07-22
1721692800000,0.62675,0.64415,0.60925,0.62435,1382096,868162.4179,2024-07-23
1721779200000,0.62435,0.63465,0.5937,0.5989,2075007,1289809.41595,2024-07-24
1721865600000,0.5989,0.60195,0.5536,0.57435,3999965,2322621.79,2024-07-25
1721952000000,0.57435,0.6026,0.5726,0.6005,879313,519428.1282,2024-07-26
1722038400000,0.6005,0.60795,0.5886,0.5966,913472,546778.92695,2024-07-27
1722124800000,0.5966,0.6014,0.584,0.59375,596571,354071.6067,2024-07-28
1722211200000,0.59375,0.6235,0.59285,0.6047,1336561,815602.94435,2024-07-29
1722297600000,0.6047,0.61295,0.5774,0.5926,1291665,770830.13815,2024-07-30
1722384000000,0.5926,0.5973,0.568,0.56905,1462179,858096.42825,2024-07-31
1722470400000,0.56905,0.57695,0.54065,0.5757,1876084,1054861.91325,2024-08-01
1722556800000,0.5757,0.5796,0.52435,0.5288,2339811,1288954.81855,2024-08-02
1722643200000,0.5288,0.5374,0.4977,0.50945,2252024,1165155.1404,2024-08-03
1722729600000,0.50945,0.5193,0.47315,0.48405,3174773,1585687.4116,2024-08-04
1722816000000,0.48405,0.48665,0.3839,0.4367,8288742,3516573.61415,2024-08-05
1722902400000,0.4367,0.46845,0.4366,0.4574,2787049,1270394.94805,2024-08-06
1722988800000,0.4574,0.4682,0.42875,0.4351,2741460,1233594.84545,2024-08-07
1723075200000,0.4351,0.4914,0.4269,0.4881,1826980,840172.53645,2024-08-08
1723161600000,0.4881,0.48825,0.4653,0.47745,1093393,523176.0714,2024-08-09
1723248000000,0.47745,0.49825,0.4732,0.48445,1524073,739319.93945,2024-08-10
1723334400000,0.48445,0.49935,0.46305,0.4668,1621569,782135.42305,2024-08-11
1723420800000,0.4668,0.4951,0.46425,0.49125,2114107,1014439.6804,2024-08-12
1723507200000,0.49125,0.4949,0.47965,0.49405,1528903,743960.35045,2024-08-13
1723593600000,0.49405,0.49905,0.4743,0.47925,2167205,1058478.6085,2024-08-14
1723680000000,0.47925,0.48635,0.4528,0.46115,2409008,1138322.8742,2024-08-15
1723766400000,0.46115,0.47215,0.455,0.4678,1593901,739152.46335,2024-08-16
1723852800000,0.4678,0.47405,0.46165,0.4704,1527070,715039.9323,2024-08-17
1723939200000,0.4704,0.4877,0.4648,0.474,1032318,491918.7159,2024-08-18
1724025600000,0.474,0.48205,0.4671,0.48115,1836284,870839.33715,2024-08-19
1724112000000,0.48115,0.4917,0.47025,0.4796,1533899,741306.94865,2024-08-20
1724198400000,0.4796,0.5061,0.4763,0.50365,1358011,664296.28035,2024-08-21
1724284800000,0.50365,0.5138,0.49745,0.51035,982974,498593.34305,2024-08-22
1724371200000,0.51035,0.5421,0.5072,0.53945,2059510,1074280.4968,2024-08-23
1724457600000,0.53945,0.5532,0.5332,0.54795,982026,533030.6634,2024-08-24
1724544000000,0.54795,0.5505,0.52355,0.53675,2617819,1410373.1993,2024-08-25
1724630400000,0.53675,0.54485,0.51725,0.5193,1560382,828332.9944,2024-08-26
1724716800000,0.5193,0.53325,0.47125,0.4842,1601780,817111.14505,2024-08-27
1724803200000,0.4842,0.49995,0.4681,0.48375,3514287,1703202.66355,2024-08-28
1724889600000,0.48375,0.53375,0.48125,0.4872,6770037,3431027.7406,2024-08-29
1724976000000,0.4872,0.4935,0.46365,0.48915,2765193,1335332.6696,2024-08-30
1725062400000,0.48915,0.4913,0.47625,0.4794,863776,416528.5869,2024-08-31
1725148800000,0.4794,0.48025,0.454,0.458,1196857,562638.7425,2024-09-01
1725235200000,0.458,0.48635,0.4567,0.4828,1583866,749024.058,2024-09-02
1725321600000,0.4828,0.4882,0.4591,0.4596,1150758,544422.40885,2024-09-03
1725408000000,0.4596,0.479,0.4394,0.47075,1810739,833903.8953,2024-09-04
1725494400000,0.47075,0.47395,0.446,0.45225,2162591,988046.09495,2024-09-05
1725580800000,0.45225,0.4631,0.4149,0.4314,3049480,1344082.63745,2024-09-06
1725667200000,0.4314,0.45,0.4282,0.44025,1657385,728003.0037,2024-09-07
1725753600000,0.44025,0.4559,0.4373,0.4486,1978293,886468.3234,2024-09-08
1725840000000,0.4486,0.4717,0.44815,0.4664,1831322,841120.4362,2024-09-09
1725926400000,0.4664,0.47465,0.4611,0.47145,953285,445065.62295,2024-09-10
1726012800000,0.47145,0.47215,0.4486,0.46475,1593978,734660.52085,2024-09-11
1726099200000,0.46475,0.47735,0.46345,0.47655,1383572,650535.6766,2024-09-12
1726185600000,0.47655,0.49175,0.4722,0.48995,1153853,552850.4109,2024-09-13
1726272000000,0.48995,0.4903,0.4803,0.4853,1418932,689928.13635,2024-09-14
1726358400000,0.4853,0.49025,0.4611,0.465,1030088,494906.4678,2024-09-15
1726444800000,0.465,0.47155,0.451,0.45575,1429790,658121.03175,2024-09-16
1726531200000,0.45575,0.4771,0.44975,0.4735,1032660,481596.16685,2024-09-17
1726617600000,0.4735,0.48255,0.45255,0.4818,1794314,835945.77725,2024-09-18
1726704000000,0.4818,0.5087,0.48175,0.50355,1293507,641367.4564,2024-09-19
1726790400000,0.50355,0.5145,0.4959,0.5145,1204106,609252.1112,2024-09-20
1726876800000,0.5145,0.52715,0.5075,0.5257,933217,482913.62205,2024-09-21
1726963200000,0.5257,0.52735,0.49475,0.5086,906815,462765.85345,2024-09-22
1727049600000,0.5086,0.52595,0.49785,0.5231,1105998,572118.0502,2024-09-23
1727136000000,0.5231,0.5338,0.5105,0.52915,872975,455024.76225,2024-09-24
1727222400000,0.52915,0.5371,0.5153,0.51845,862155,455444.11945,2024-09-25
1727308800000,0.51845,0.5422,0.5102,0.53485,979942,520098.96135,2024-09-26
1727395200000,0.53485,0.54815,0.5315,0.5433,1313459,711191.9289,2024-09-27
1727481600000,0.5433,0.5513,0.5284,0.5392,942072,508599.9949,2024-09-28
1727568000000,0.5392,0.5495,0.53005,0.53965,1137636,615035.4061,2024-09-29
1727654400000,0.53965,0.54155,0.50565,0.5104,1672273,881067.51705,2024-09-30
1727740800000,0.5104,0.53315,0.46785,0.47315,3869127,1912050.5207,2024-10-01
1727827200000,0.47315,0.4903,0.4476,0.46315,2206418,1040179.0167,2024-10-02
1727913600000,0.46315,0.4702,0.44395,0.45615,1640563,750234.3073,2024-10-03
1728000000000,0.45615,0.4797,0.45535,0.4778,1121538,524024.8081,2024-10-04
1728086400000,0.4778,0.4852,0.46615,0.47455,2035576,973053.8939,2024-10-05
1728172800000,0.47455,0.4865,0.471,0.48605,1033057,495868.21545,2024-10-06
1728259200000,0.48605,0.5052,0.4807,0.4822,3989348,1970179.59155,2024-10-07
1728345600000,0.4822,0.4914,0.4725,0.4818,1643098,791909.3533,2024-10-08
1728432000000,0.4818,0.4885,0.4597,0.4653,1388932,659392.2628,2024-10-09
1728518400000,0.4653,0.4731,0.45495,0.473,2020625,942198.8085,2024-10-10
1728604800000,0.473,0.49105,0.47245,0.48945,944811,455255.4866,2024-10-11
1728691200000,0.48945,0.5004,0.4887,0.49425,1257134,622233.2464,2024-10-12
1728777600000,0.49425,0.5011,0.47945,0.4924,829236,407300.7524,2024-10-13
1728864000000,0.4924,0.51965,0.4845,0.51575,1022283,512995.21335,2024-10-14
1728950400000,0.51575,0.5267,0.4954,0.51635,1666724,855641.41255,2024-10-15
1729036800000,0.51635,0.51895,0.5035,0.506,1059470,541613.5643,2024-10-16
1729123200000,0.506,0.51195,0.49175,0.50505,996574,499481.7216,2024-10-17
1729209600000,0.50505,0.5179,0.503,0.5173,636599,325655.26205,2024-10-18
1729296000000,0.5173,0.52465,0.5099,0.51835,798388,412225.94835,2024-10-19
1729382400000,0.51835,0.5451,0.51095,0.5428,771347,409287.8629,2024-10-20
1729468800000,0.5428,0.54755,0.5149,0.5203,739461,393712.51315,2024-10-21
1729555200000,0.5203,0.5313,0.51275,0.52805,673142,351989.917,2024-10-22
1729641600000,0.52805,0.52905,0.4924,0.5043,1274241,647337.1867,2024-10-23
1729728000000,0.5043,0.5134,0.49475,0.50875,484023,244336.2626,2024-10-24
1729814400000,0.50875,0.5134,0.4606,0.4804,1304817,643647.72815,2024-10-25
1729900800000,0.4804,0.4918,0.47595,0.48265,583423,282837.67115,2024-10-26
1729987200000,0.48265,0.4925,0.47885,0.48895,390278,188815.92565,2024-10-27
1730073600000,0.48895,0.50495,0.4773,0.50195,787276,383508.34115,2024-10-28
1730160000000,0.50195,0.52755,0.5008,0.52465,581678,300265.36735,2024-10-29
1730246400000,0.52465,0.5297,0.51605,0.5225,563020,295106.40125,2024-10-30
1730332800000,0.5225,0.5253,0.4953,0.5014,776276,395855.61885,2024-10-31
1730419200000,0.5014,0.5098,0.4873,0.49425,514092,255815.7145,2024-11-01
1730505600000,0.49425,0.50055,0.48095,0.4841,430256,210480.6596,2024-11-02
1730592000000,0.4841,0.4857,0.4602,0.4708,861359,405698.65235,2024-11-03
1730678400000,0.4708,0.47895,0.45135,0.461,570785,267092.0718,2024-11-04
1730764800000,0.461,0.4844,0.4602,0.47475,500995,237294.7181,2024-11-05
1730851200000,0.47475,0.5398,0.47475,0.53315,945612,484523.64615,2024-11-06
1730937600000,0.53315,0.5527,0.52505,0.5447,1043492,565580.3456,2024-11-07
1731024000000,0.5447,0.5788,0.5373,0.5634,2154168,1197895.8167,2024-11-08
1731110400000,0.5634,0.5815,0.5537,0.5804,894113,507876.0977,2024-11-09
1731196800000,0.5804,0.6249,0.571,0.605,1062061,634799.52855,2024-11-10
1731283200000,0.605,0.62725,0.58185,0.62625,2412364,1463934.2628,2024-11-11
1731369600000,0.62625,0.6447,0.5777,0.6059,4007692,2474095.044,2024-11-12
1731456000000,0.6059,0.61515,0.5552,0.59065,4963721,2882808.9414,2024-11-13
1731542400000,0.59065,0.61715,0.566,0.5891,1688525,999548.0225,2024-11-14
1731628800000,0.5891,0.6098,0.5627,0.60595,1144689,671341.61115,2024-11-15
1731715200000,0.60595,0.63885,0.6009,0.6348,1245257,776561.9105,2024-11-16
1731801600000,0.6348,0.6391,0.59695,0.60735,1360661,840720.1749,2024-11-17
1731888000000,0.60735,0.64885,0.60515,0.643,1370163,861648.63625,2024-11-18
1731974400000,0.643,0.646,0.61095,0.6271,1175652,740038.9641,2024-11-19
1732060800000,0.6271,0.6376,0.5973,0.60985,1704238,1052858.34705,2024-11-20
1732147200000,0.60985,0.6686,0.59225,0.6613,1535657,978118.83885,2024-11-21
1732233600000,0.6613,0.6749,0.64205,0.67455,2250269,1480973.2199,2024-11-22
1732320000000,0.67455,0.70145,0.66455,0.68935,2204916,1506619.94705,2024-11-23
1732406400000,0.68935,0.71355,0.643,0.69795,2138166,1458059.39715,2024-11-24
1732492800000,0.69795,0.7221,0.67475,0.69115,1985467,1395559.71355,2024-11-25
1732579200000,0.69115,0.71055,0.6452,0.686,2724405,1845371.4438,2024-11-26
1732665600000,0.686,0.76545,0.6753,0.7596,2294942,1639643.6934,2024-11-27
1732752000000,0.7596,0.76015,0.7237,0.74015,1291765,955766.92065,2024-11-28
1732838400000,0.74015,0.76095,0.73425,0.75705,949185,711271.6551,2024-11-29
1732924800000,0.75705,0.8061,0.75185,0.79925,1057480,824147.04695,2024-11-30
1733011200000,0.79925,0.8173,0.76915,0.78975,1811612,1450014.4098,2024-12-01
1733097600000,0.78975,0.85525,0.75625,0.8546,2412332,1945131.7149,2024-12-02
1733184000000,0.8546,0.90065,0.81455,0.89755,2920451,2515686.4377,2024-12-03
1733270400000,0.89755,0.9423,0.8813,0.92465,1878068,1714550.76925,2024-12-04
1733356800000,0.92465,0.9469,0.87755,0.90775,1798832,1654725.9388,2024-12-05
1733443200000,0.90775,0.9557,0.8803,0.94035,3003540,2787516.13305,2024-12-06
1733529600000,0.94035,0.95725,0.9138,0.9208,905890,848686.6322,2024-12-07
1733616000000,0.9208,0.9558,0.9069,0.9525,847082,789604.048,2024-12-08
1733702400000,0.9525,0.953,0.71245,0.8067,2508033,2150514.29085,2024-12-09
1733788800000,0.8067,0.8356,0.7364,0.79415,1881068,1491062.076,2024-12-10
1733875200000,0.79415,0.83805,0.7649,0.8319,1873061,1527578.2728,2024-12-11
1733961600000,0.8319,0.9187,0.8256,0.91095,2951234,2610303.0266,2024-12-12
1734048000000,0.91095,0.91665,0.8665,0.88885,987825,878285.52195,2024-12-13
1734134400000,0.88885,0.92,0.85895,0.87795,1520861,1357688.4239,2024-12-14
1734220800000,0.87795,0.90325,0.8541,0.8952,857754,754956.61835,2024-12-15
1734307200000,0.8952,0.92,0.8459,0.8637,3331714,2879259.2897,2024-12-16
1734393600000,0.8637,0.875,0.8185,0.82745,1072664,911699.9253,2024-12-17
1734480000000,0.82745,0.8333,0.7364,0.73805,1700741,1335413.09105,2024-12-18
1734566400000,0.73805,0.7529,0.6525,0.67625,2048153,1452785.02605,2024-12-19
1734652800000,0.67625,0.71155,0.6015,0.7046,1823322,1189312.72915,2024-12-20
1734739200000,0.7046,0.73055,0.6564,0.6691,1049386,721073.61815,2024-12-21
1734825600000,0.6691,0.69055,0.6463,0.66505,1077488,723097.6638,2024-12-22
1734912000000,0.66505,0.72015,0.6463,0.71305,1228335,835725.12285,2024-12-23
1734998400000,0.71305,0.73755,0.6963,0.7364,791243,566788.9433,2024-12-24
1735084800000,0.7364,0.7529,0.7171,0.72755,579954,427028.0537,2024-12-25
1735171200000,0.72755,0.73335,0.66885,0.68185,1875106,1298157.96185,2024-12-26
1735257600000,0.68185,0.7142,0.6711,0.678,437116,301671.7062,2024-12-27
1735344000000,0.678,0.7058,0.66865,0.69795,366716,252366.37985,2024-12-28
1735430400000,0.69795,0.69955,0.664,0.6718,459703,312314.818,2024-12-29
1735516800000,0.6718,0.6938,0.65115,0.6685,456712,307576.0181,2024-12-30
1735603200000,0.6685,0.69305,0.6547,0.65645,428921,287851.3786,2024-12-31
1735689600000,0.65645,0.67125,0.64005,0.66935,410103,268668.9315,2025-01-01
1735776000000,0.66935,0.71405,0.66735,0.70115,1308904,919672.4585,2025-01-02
1735862400000,0.70115,0.7354,0.68625,0.73365,558174,397214.02155,2025-01-03
1735948800000,0.73365,0.7382,0.71935,0.73005,456222,333085.4479,2025-01-04
1736035200000,0.73005,0.7378,0.71935,0.7331,422915,308470.5938,2025-01-05
1736121600000,0.7331,0.7562,0.72005,0.74,426259,313406.86255,2025-01-06
1736208000000,0.74,0.74395,0.6619,0.66365,907548,635396.299,2025-01-07
1736294400000,0.66365,0.67375,0.62805,0.65385,3927525,2572830.2731,2025-01-08
1736380800000,0.65385,0.66265,0.618,0.63365,756913,485861.26015,2025-01-09
1736467200000,0.63365,0.6581,0.6286,0.64905,626369,404536.06545,2025-01-10
1736553600000,0.64905,0.65565,0.63575,0.6425,392023,252350.847,2025-01-11
1736640000000,0.6425,0.6502,0.6281,0.63365,257307,164437.048,2025-01-12
1736726400000,0.63365,0.6524,0.58,0.6191,2677544,1649173.53945,2025-01-13
1736812800000,0.6191,0.64505,0.6146,0.6405,878548,552804.27765,2025-01-14
1736899200000,0.6405,0.67785,0.62785,0.67785,2044416,1317554.8316,2025-01-15
1736985600000,0.67785,0.6934,0.66235,0.6805,1152366,780803.647,2025-01-16
1737072000000,0.6805,0.78,0.6803,0.7134,5582344,4105443.41425,2025-01-17
1737158400000,0.7134,0.7209,0.6699,0.6872,1346154,931517.9423,2025-01-18
1737244800000,0.6872,0.74895,0.645,0.68055,2743077,1899299.67775,2025-01-19
1737331200000,0.68055,0.73245,0.66505,0.68955,2091459,1463411.75135,2025-01-20
1737417600000,0.68955,0.7316,0.66255,0.72365,1172859,811220.7467,2025-01-21
1737504000000,0.72365,0.72975,0.6556,0.67815,996624,693790.9367,2025-01-22
1737590400000,0.67815,0.69275,0.65575,0.687,724059,488322.85915,2025-01-23
1737676800000,0.687,0.71805,0.6707,0.6783,849847,591988.4073,2025-01-24
1737763200000,0.6783,0.6991,0.66965,0.68945,538703,368687.90025,2025-01-25
1737849600000,0.68945,0.69885,0.6686,0.66925,413282,283900.3109,2025-01-26
1737936000000,0.66925,0.67495,0.61705,0.646,1064392,679460.27585,2025-01-27
1738022400000,0.646,0.6578,0.6117,0.6176,444548,282546.84745,2025-01-28
1738108800000,0.6176,0.65355,0.61525,0.6343,379456,239916.78155,2025-01-29
1738195200000,0.6343,0.67285,0.62635,0.6574,412187,269079.31405,2025-01-30
1738281600000,0.6574,0.68595,0.65045,0.668,413536,276364.1821,2025-01-31
1738368000000,0.668,0.67815,0.6198,0.62215,453534,299010.68395,2025-02-01
1738454400000,0.62215,0.6369,0.54035,0.5639,1233438,728154.03715,2025-02-02
1738540800000,0.5639,0.584,0.4377,0.57875,2294173,1185224.30805,2025-02-03
1738627200000,0.57875,0.58365,0.5292,0.5458,1520770,839542.63705,2025-02-04
1738713600000,0.5458,0.5554,0.5325,0.5398,737062,401246.17175,2025-02-05
1738800000000,0.5398,0.55325,0.5122,0.51705,1143564,611789.36185,2025-02-06
1738886400000,0.51705,0.55455,0.507,0.51685,965754,510068.84055,2025-02-07
1738972800000,0.51685,0.5304,0.5031,0.52485,451454,233753.73065,2025-02-08
1739059200000,0.52485,0.5369,0.5011,0.524,2127652,1120532.9459,2025-02-09
1739145600000,0.524,0.5402,0.50735,0.53585,440175,232283.4391,2025-02-10
1739232000000,0.53585,0.55385,0.4994,0.50915,1549270,810695.71875,2025-02-11
1739318400000,0.50915,0.536,0.49885,0.53155,1122723,574961.80915,2025-02-12
1739404800000,0.53155,0.53755,0.50715,0.51865,682263,354728.08545,2025-02-13
1739491200000,0.51865,0.5565,0.51755,0.5396,2133846,1150561.71505,2025-02-14
1739577600000,0.5396,0.5402,0.5209,0.52375,513500,272047.65325,2025-02-15
1739664000000,0.52375,0.53965,0.519,0.521,595524,315028.24595,2025-02-16
1739750400000,0.521,0.54305,0.5112,0.5317,804519,424695.54225,2025-02-17
1739836800000,0.5317,0.53335,0.49825,0.51605,572746,293683.20075,2025-02-18
1739923200000,0.51605,0.521,0.50415,0.5166,470473,241574.76825,2025-02-19
1740009600000,0.5166,0.53695,0.512,0.52605,474395,247769.85,2025-02-20
1740096000000,0.52605,0.54575,0.5007,0.50435,2191067,1150477.34835,2025-02-21
1740182400000,0.50435,0.5329,0.5018,0.53145,615704,320106.7063,2025-02-22
1740268800000,0.53145,0.5402,0.5141,0.52325,836886,439618.50495,2025-02-23
1740355200000,0.52325,0.52425,0.4667,0.4743,1614034,805705.97375,2025-02-24
1740441600000,0.4743,0.48195,0.43765,0.46415,1837601,841208.7167,2025-02-25
1740528000000,0.46415,0.4751,0.43015,0.45555,1640199,747076.5143,2025-02-26
1740614400000,0.45555,0.46485,0.44135,0.4535,710307,323270.76825,2025-02-27
1740700800000,0.4535,0.4538,0.4036,0.44485,3029497,1299549.5755,2025-02-28
1740787200000,0.44485,0.4512,0.4264,0.4436,1643541,719893.41845,2025-03-01
1740873600000,0.4436,0.50585,0.43005,0.5024,3867780,1762850.47135,2025-03-02
1740960000000,0.5024,0.50365,0.4328,0.43715,3654744,1719428.35625,2025-03-03
1741046400000,0.43715,0.44905,0.40935,0.4392,2937115,1248432.9604,2025-03-04
1741132800000,0.4392,0.47255,0.4368,0.4623,2707413,1232564.09145,2025-03-05
1741219200000,0.4623,0.4871,0.45665,0.45875,1861675,874368.0201,2025-03-06
1741305600000,0.45875,0.4693,0.4328,0.4393,2564374,1164509.0339,2025-03-07
1741392000000,0.4393,0.44675,0.42815,0.44085,1203536,525974.9258,2025-03-08
1741478400000,0.44085,0.4442,0.3965,0.4009,1845802,774841.5621,2025-03-09
1741564800000,0.4009,0.42415,0.36545,0.3786,1935122,771619.24055,2025-03-10
1741651200000,0.3786,0.4067,0.35805,0.3902,3144265,1216418.1712,2025-03-11
1741737600000,0.3902,0.4024,0.3742,0.3912,1699452,661774.7859,2025-03-12
1741824000000,0.3912,0.3976,0.3713,0.3854,1481474,571123.4159,2025-03-13
1741910400000,0.3854,0.4056,0.384,0.398,1886021,746766.1629,2025-03-14
1741996800000,0.398,0.408,0.3964,0.4065,1648892,661253.43265,2025-03-15
1742083200000,0.4065,0.4079,0.3817,0.3864,1669463,655322.2223,2025-03-16
1742169600000,0.3864,0.4094,0.3858,0.4036,3476711,1394450.2419,2025-03-17
1742256000000,0.4036,0.4058,0.388,0.4035,1032589,411280.6307,2025-03-18
1742342400000,0.4035,0.4266,0.4005,0.4252,1065402,441850.0879,2025-03-19
1742428800000,0.4252,0.426,0.4051,0.4073,1414421,581386.5507,2025-03-20
1742515200000,0.4073,0.413,0.3986,0.4022,2757317,1115329.9818,2025-03-21
1742601600000,0.4022,0.419,0.4021,0.4098,1297952,529875.3925,2025-03-22
1742688000000,0.4098,0.4133,0.4049,0.4123,531745,218034.7233,2025-03-23
1742774400000,0.4123,0.43,0.408,0.4274,732449,309752.9166,2025-03-24
1742860800000,0.4274,0.4322,0.4198,0.4305,435011,185431.64875,2025-03-25
1742947200000,0.4305,0.4645,0.4245,0.4421,3199880,1434887.16955,2025-03-26
1743033600000,0.4421,0.4667,0.4414,0.4576,1382201,631038.6987,2025-03-27
1743120000000,0.4576,0.4578,0.4179,0.4232,607907,265583.0927,2025-03-28
1743206400000,0.4232,0.427,0.4032,0.4102,358411,148448.3794,2025-03-29
1743292800000,0.4102,0.4201,0.3999,0.4053,536421,221109.1432,2025-03-30
1743379200000,0.4053,0.4147,0.3952,0.4104,386773,156816.791,2025-03-31
1743465600000,0.4104,0.424,0.4074,0.4143,512356,213215.7288,2025-04-01
1743552000000,0.4143,0.4327,0.3915,0.3928,971825,402826.8971,2025-04-02
1743638400000,0.3928,0.4014,0.3843,0.3939,624801,246018.8667,2025-04-03
1743724800000,0.3939,0.4006,0.3804,0.3913,985396,385384.9746,2025-04-04
1743811200000,0.3913,0.3956,0.3831,0.3897,429334,167265.0289,2025-04-05
1743897600000,0.3897,0.3919,0.3404,0.3501,688055,255676.112,2025-04-06
1743984000000,0.3501,0.3668,0.3228,0.349,687918,236173.2859,2025-04-07
1744070400000,0.349,0.3611,0.3294,0.3333,1047596,361980.3704,2025-04-08
1744156800000,0.3333,0.3745,0.3167,0.37,601712,202784.5581,2025-04-09
1744243200000,0.37,0.3707,0.3419,0.355,402434,143756.6658,2025-04-10
1744329600000,0.355,0.3708,0.3521,0.3655,347007,125987.8664,2025-04-11
1744416000000,0.3655,0.3846,0.3629,0.3826,250622,93483.1082,2025-04-12
1744502400000,0.3826,0.3843,0.3619,0.3654,437703,163351.0232,2025-04-13
1744588800000,0.3654,0.382,0.3651,0.3737,259857,97296.4999,2025-04-14
1744675200000,0.3737,0.3805,0.3603,0.3629,2658191,987536.6145,2025-04-15
1744761600000,0.3629,0.3699,0.3485,0.3594,865172,310674.8704,2025-04-16
1744848000000,0.3594,0.411,0.3588,0.3675,1101568,408907.8418,2025-04-17
1744934400000,0.3675,0.3743,0.3652,0.3707,363190,134410.2106,2025-04-18
1745020800000,0.3707,0.3865,0.3707,0.3848,363713,137824.3754,2025-04-19
1745107200000,0.3848,0.3929,0.3828,0.387,295462,114369.2687,2025-04-20
1745193600000,0.387,0.4018,0.3865,0.3902,239857,94443.8576,2025-04-21
1745280000000,0.3902,0.4177,0.3844,0.4157,410802,164192.3778,2025-04-22
1745366400000,0.4157,0.4388,0.4149,0.4342,602029,256961.2745,2025-04-23
1745452800000,0.4342,0.44,0.4214,0.4383,554538,239050.135,2025-04-24
1745539200000,0.4383,0.4569,0.4296,0.4475,431804,192656.8407,2025-04-25
1745625600000,0.4475,0.4632,0.4465,0.455,269646,123101.5318,2025-04-26
1745712000000,0.455,0.4574,0.4411,0.4452,227309,102356.7799,2025-04-27
1745798400000,0.4452,0.4665,0.4396,0.4598,527713,241104.0958,2025-04-28
1745884800000,0.4598,0.4849,0.451,0.4563,1136486,531788.74075,2025-04-29
1745971200000,0.4563,0.473,0.4511,0.4577,718745,333904.0143,2025-04-30
1746057600000,0.4577,0.4829,0.4556,0.4709,2142232,1007689.4488,2025-05-01
1746144000000,0.4709,0.4848,0.4637,0.4732,386225,183555.7789,2025-05-02
1746230400000,0.4732,0.4782,0.454,0.4613,334946,156000.3295,2025-05-03
1746316800000,0.4613,0.4639,0.4506,0.4564,775760,353932.6142,2025-05-04
1746403200000,0.4564,0.4686,0.4478,0.4575,923734,422229.2811,2025-05-05
1746489600000,0.4575,0.4619,0.4428,0.4584,555773,252659.0356,2025-05-06
1746576000000,0.4584,0.4785,0.4543,0.4688,1125599,526678.9821,2025-05-07
1746662400000,0.4688,0.5583,0.4651,0.5518,1011504,515193.301,2025-05-08
1746748800000,0.5518,0.6075,0.5481,0.607,1021641,599222.86965,2025-05-09
1746835200000,0.607,0.6738,0.5972,0.6717,675334,425135.4102,2025-05-10
1746921600000,0.6717,0.7012,0.6409,0.6777,1313596,882688.6546,2025-05-11
1747008000000,0.6777,0.722,0.6692,0.7005,1478351,1032469.37945,2025-05-12
1747094400000,0.7005,0.7544,0.6693,0.7476,1273752,921090.25315,2025-05-13
1747180800000,0.7476,0.7498,0.7178,0.7284,755925,553574.4128,2025-05-14
1747267200000,0.7284,0.738,0.6951,0.7109,1211500,869919.9755,2025-05-15
1747353600000,0.7109,0.7433,0.7067,0.7093,498099,360874.627,2025-05-16
1747440000000,0.7093,0.7166,0.6928,0.7042,693421,488771.4462,2025-05-17
1747526400000,0.7042,0.747,0.6906,0.7269,1103885,794543.724,2025-05-18
1747612800000,0.7269,0.7342,0.6782,0.7259,669936,472571.6677,2025-05-19
1747699200000,0.7259,0.7484,0.6951,0.7148,507783,366245.4589,2025-05-20
1747785600000,0.7148,0.7369,0.6884,0.7126,529827,376047.439,2025-05-21
1747872000000,0.7126,0.7626,0.7094,0.7544,521019,387494.19745,2025-05-22
1747958400000,0.7544,0.7654,0.6786,0.6834,564897,409761.46945,2025-05-23
1748044800000,0.6834,0.7136,0.6801,0.6919,280427,194833.4053,2025-05-24
1748131200000,0.6919,0.7003,0.6748,0.699,330939,226740.2626,2025-05-25
1748217600000,0.699,0.7141,0.6804,0.6936,350287,245266.6444,2025-05-26
1748304000000,0.6936,0.7372,0.6762,0.7129,346024,247737.6711,2025-05-27
1748390400000,0.7129,0.7249,0.6927,0.7213,246696,174653.3644,2025-05-28
1748476800000,0.7213,0.7562,0.6692,0.6737,2247472,1599607.858,2025-05-29
1748563200000,0.6737,0.6752,0.6229,0.6282,739601,484020.2358,2025-05-30
1748649600000,0.6282,0.6474,0.6168,0.6348,603986,379045.0359,2025-05-31
1748736000000,0.6348,0.6809,0.6159,0.6711,2229974,1441509.8511,2025-06-01
1748822400000,0.6711,0.6755,0.6371,0.6672,819270,535337.7104,2025-06-02
1748908800000,0.6672,0.6872,0.6535,0.6575,1399828,938096.3488,2025-06-03
1748995200000,0.6575,0.6851,0.6422,0.653,491746,327095.1065,2025-06-04
1749081600000,0.653,0.662,0.6063,0.6087,1556423,1003556.6758,2025-06-05
1749168000000,0.6087,0.6327,0.5935,0.6159,970728,590333.4063,2025-06-06
1749254400000,0.6159,0.6417,0.6144,0.6374,715687,448300.4821,2025-06-07
1749340800000,0.6374,0.64,0.6255,0.6306,206285,130762.188,2025-06-08
1749427200000,0.6306,0.6721,0.6222,0.6721,1004068,640413.5824,2025-06-09
1749513600000,0.6721,0.7042,0.6616,0.7032,385240,262577.1052,2025-06-10
1749600000000,0.7032,0.7063,0.6736,0.6807,391384,270249.5263,2025-06-11
1749686400000,0.6807,0.683,0.6304,0.6337,2588961,1665456.7292,2025-06-12
1749772800000,0.6337,0.6339,0.5832,0.6036,714036,426054.0747,2025-06-13
1749859200000,0.6036,0.6036,0.583,0.5937,278756,165481.3841,2025-06-14
1749945600000,0.5937,0.6063,0.5885,0.6032,373492,223421.9642,2025-06-15
1750032000000,0.6032,0.6464,0.5955,0.6222,452624,284068.1254,2025-06-16
1750118400000,0.6222,0.6373,0.5935,0.6031,411958,254826.9351,2025-06-17
1750204800000,0.6031,0.6097,0.5863,0.6012,173612,103953.1283,2025-06-18
1750291200000,0.6012,0.6108,0.5922,0.6008,266046,159995.2391,2025-06-19
1750377600000,0.6008,0.6129,0.5679,0.5779,328175,195402.5819,2025-06-20
1750464000000,0.5779,0.586,0.5454,0.5569,157391,89848.6663,2025-06-21
1750550400000,0.5569,0.5609,0.515,0.5386,339441,182351.6268,2025-06-22
1750636800000,0.5386,0.5802,0.5244,0.5753,1631728,890768.9965,2025-06-23
1750723200000,0.5753,0.5969,0.5661,0.5931,890532,517306.9242,2025-06-24
1750809600000,0.5931,0.599,0.5669,0.5734,914359,526626.1308,2025-06-25
1750896000000,0.5734,0.5891,0.5681,0.5729,807485,466242.5971,2025-06-26
1750982400000,0.5729,0.5877,0.5695,0.5793,409652,237285.821,2025-06-27
1751068800000,0.5793,0.5905,0.5732,0.5886,286035,165889.8257,2025-06-28
1751155200000,0.5886,0.6049,0.5806,0.6024,267566,158249.1154,2025-06-29
1751241600000,0.6024,0.6064,0.5834,0.5934,254552,151675.4999,2025-06-30
1751328000000,0.5934,0.5957,0.5672,0.5714,255018,148802.0621,2025-07-01
1751414400000,0.5714,0.6332,0.5626,0.6124,970838,590866.7743,2025-07-02
1751500800000,0.6124,0.6238,0.6036,0.621,434025,267038.2649,2025-07-03
1751587200000,0.621,0.6226,0.585,0.589,266518,159770.9772,2025-07-04
1751673600000,0.589,0.6003,0.5867,0.5957,146993,87349.6745,2025-07-05
1751760000000,0.5957,0.6161,0.5882,0.6058,290070,174385.0489,2025-07-06
1751846400000,0.6058,0.6148,0.5951,0.6069,123398,74798.9376,2025-07-07
1751932800000,0.6069,0.6183,0.5909,0.6179,269045,162713.6025,2025-07-08
1752019200000,0.6179,0.6481,0.6147,0.646,331505,207570.8036,2025-07-09
1752105600000,0.646,0.6856,0.6367,0.6845,289315,188563.9238,2025-07-10
1752192000000,0.6845,0.7038,0.6729,0.6822,323784,223621.785,2025-07-11
1752278400000,0.6822,0.6931,0.6615,0.6789,225430,153370.0387,2025-07-12
1752364800000,0.6789,0.7045,0.6765,0.6909,198898,137349.0164,2025-07-13
1752451200000,0.6909,0.7117,0.6839,0.6964,257190,180281.8379,2025-07-14
1752537600000,0.6964,0.717,0.6781,0.7143,449298,314360.0588,2025-07-15
1752624000000,0.7143,0.758,0.7063,0.7414,368406,270473.9492,2025-07-16
1752710400000,0.7414,0.7741,0.7315,0.7683,443290,333915.94345,2025-07-17
1752796800000,0.7683,0.8122,0.759,0.7681,306431,242386.47835,2025-07-18
1752883200000,0.7681,0.7919,0.7559,0.78,136670,104989.4814,2025-07-19
1752969600000,0.78,0.8176,0.7675,0.798,286857,228370.3584,2025-07-20
1753056000000,0.798,0.8254,0.7854,0.8083,279938,226659.4813,2025-07-21
1753142400000,0.8083,0.8084,0.7727,0.8025,229374,181157.4222,2025-07-22
1753228800000,0.8025,0.8096,0.7373,0.7588,360609,279009.6023,2025-07-23
1753315200000,0.7588,0.7734,0.726,0.7618,316296,239455.4046,2025-07-24
1753401600000,0.7618,0.7752,0.7393,0.7752,246434,186355.1228,2025-07-25
1753488000000,0.7752,0.7814,0.7653,0.7658,157812,121968.1723,2025-07-26
1753574400000,0.7658,0.8022,0.7653,0.7985,253608,199572.2816,2025-07-27
1753660800000,0.7985,0.8105,0.7558,0.7657,387508,297922.0696,2025-07-28
1753747200000,0.7657,0.7896,0.745,0.7601,350226,270177.7856,2025-07-29
1753833600000,0.7601,0.7629,0.7214,0.7526,310427,229912.031,2025-07-30
1753920000000,0.7526,0.7716,0.7164,0.7227,428272,318057.8111,2025-07-31
1754006400000,0.7227,0.7314,0.68,0.6935,723124,510883.8273,2025-08-01
1754092800000,0.6935,0.7027,0.6734,0.6794,279605,192453.2536,2025-08-02
1754179200000,0.6794,0.6978,0.6709,0.6952,196736,135918.3991,2025-08-03
1754265600000,0.6952,0.7236,0.6937,0.7203,181748,128660.9329,2025-08-04
1754352000000,0.7203,0.7209,0.6811,0.6965,149521,104798.1285,2025-08-05
1754438400000,0.6965,0.7108,0.6824,0.704,419002,292918.2176,2025-08-06
1754524800000,0.704,0.7535,0.6943,0.7528,285770,208111.2566,2025-08-07
1754611200000,0.7528,0.7744,0.7444,0.7647,283684,214750.3566,2025-08-08
1754697600000,0.7647,0.8158,0.7639,0.807,215861,172046.2103,2025-08-09
1754784000000,0.807,0.8185,0.7891,0.8055,237605,191152.3421,2025-08-10
1754870400000,0.8055,0.8286,0.7656,0.7759,610306,486164.4585,2025-08-11
1754956800000,0.7759,0.8447,0.7721,0.8349,527766,425721.3096,2025-08-12
1755043200000,0.8349,0.8493,0.8207,0.8459,233143,194902.26005,2025-08-13
1755129600000,0.8459,0.8569,0.7084,0.7799,1091572,852658.57855,2025-08-14
1755216000000,0.7799,0.7987,0.7528,0.7687,448892,348063.1913,2025-08-15
1755302400000,0.7687,0.7862,0.765,0.7767,208969,162463.2808,2025-08-16
1755388800000,0.7767,0.8216,0.77,0.8078,233567,187204.3063,2025-08-17
1755475200000,0.8078,0.8131,0.7691,0.7889,285375,224541.4651,2025-08-18
1755561600000,0.7889,0.799,0.7391,0.7442,338942,258176.0081,2025-08-19
1755648000000,0.7442,0.8007,0.7438,0.7941,127615,98605.9801,2025-08-20
1755734400000,0.7941,0.7998,0.7604,0.7695,138631,107845.8097,2025-08-21
1755820800000,0.7695,0.8524,0.7488,0.8477,252468,203797.2613,2025-08-22
1755907200000,0.8477,0.8483,0.7985,0.8266,591235,484827.2776,2025-08-23
1755993600000,0.8266,0.8621,0.8069,0.8234,733150,614878.968,2025-08-24
1756080000000,0.8234,0.8281,0.746,0.7554,580899,463463.8214,2025-08-25
1756166400000,0.7554,0.7846,0.7502,0.7812,242771,185692.791,2025-08-26
1756252800000,0.7812,0.791,0.7692,0.7781,215928,168253.1424,2025-08-27
1756339200000,0.7781,0.7936,0.7695,0.7884,71364,55929.765,2025-08-28
1756425600000,0.7884,0.7887,0.7334,0.7463,164628,123859.5318,2025-08-29
1756512000000,0.7463,0.753,0.7333,0.7493,119132,89030.6341,2025-08-30
1756598400000,0.7493,0.7687,0.7412,0.7415,140352,106084.6969,2025-08-31
1756684800000,0.7415,0.7652,0.716,0.729,307717,226832.0195,2025-09-01
1756771200000,0.729,0.7503,0.7261,0.7376,85191,63114.6887,2025-09-02
1756857600000,0.7376,0.7536,0.7269,0.7493,143703,106636.8477,2025-09-03
1756944000000,0.7493,0.7502,0.7172,0.7229,161391,117675.1355,2025-09-04
1757030400000,0.7229,0.7529,0.7224,0.7283,166985,122455.0173,2025-09-05
1757116800000,0.7283,0.7289,0.7146,0.7212,145984,105328.6852,2025-09-06
1757203200000,0.7212,0.7301,0.7146,0.7223,88603,64127.3123,2025-09-07
1757289600000,0.7223,0.7384,0.7146,0.7325,110902,80117.9445,2025-09-08
1757376000000,0.7325,0.7515,0.7183,0.7285,169133,124049.295,2025-09-09
1757462400000,0.7285,0.7438,0.7223,0.7399,131077,95941.0838,2025-09-10
1757548800000,0.7399,0.7622,0.7374,0.7621,317753,239080.5287,2025-09-11
1757635200000,0.7621,0.7818,0.7491,0.7786,366173,280801.2626,2025-09-12
1757721600000,0.7786,0.7932,0.7702,0.7795,192121,149983.1152,2025-09-13
1757808000000,0.7795,0.7797,0.7567,0.7596,185839,142745.6585,2025-09-14
1757894400000,0.7596,0.7701,0.7087,0.7233,451538,333336.3798,2025-09-15
1757980800000,0.7233,0.736,0.7149,0.7264,151493,109986.351,2025-09-16
1758067200000,0.7264,0.7454,0.7138,0.7442,162968,118446.9249,2025-09-17
1758153600000,0.7442,0.746,0.7308,0.7429,196512,145558.6344,2025-09-18
1758240000000,0.7429,0.7518,0.7124,0.7158,117597,85877.6666,2025-09-19
1758326400000,0.7158,0.7263,0.7107,0.7164,113328,81550.8902,2025-09-20
1758412800000,0.7164,0.7188,0.6972,0.698,149873,105905.4549,2025-09-21
1758499200000,0.698,0.6995,0.64,0.67,465259,308181.3819,2025-09-22
1758585600000,0.67,0.6743,0.6581,0.6648,197875,132205.1621,2025-09-23
1758672000000,0.6648,0.6754,0.6531,0.6615,145920,97452.2907,2025-09-24
1758758400000,0.6615,0.6672,0.616,0.6242,222774,143214.8203,2025-09-25
1758844800000,0.6242,0.6492,0.6216,0.646,170170,108067.3696,2025-09-26
1758931200000,0.646,0.6492,0.6395,0.6445,103510,66796.4293,2025-09-27
1759017600000,0.6445,0.6613,0.6316,0.6603,72735,46777.4042,2025-09-28
1759104000000,0.6603,0.6672,0.6409,0.6617,172497,113116.6864,2025-09-29
1759190400000,0.6617,0.6694,0.6446,0.6586,160271,105364.9238,2025-09-30
1759276800000,0.6586,0.6903,0.6549,0.6903,96855,65179.8812,2025-10-01
1759363200000,0.6903,0.7072,0.6858,0.703,154822,107939.8566,2025-10-02
1759449600000,0.703,0.7131,0.6888,0.7056,107480,75227.7934,2025-10-03
1759536000000,0.7056,0.7059,0.685,0.6926,101958,70688.66,2025-10-04
1759622400000,0.6926,0.7162,0.6871,0.6953,184418,130076.5257,2025-10-05
1759708800000,0.6953,0.7259,0.6908,0.7179,200951,144411.3349,2025-10-06
1759795200000,0.7179,0.7326,0.6855,0.691,154266,109211.6695,2025-10-07
1759881600000,0.691,0.7089,0.6806,0.6965,152431,105844.899,2025-10-08
1759968000000,0.6965,0.6973,0.6679,0.6795,122887,83652.3398,2025-10-09
1760054400000,0.6795,0.6965,0.4476,0.5815,1023182,585994.965,2025-10-10
1760140800000,0.5815,0.6248,0.5541,0.5719,608507,352186.8717,2025-10-11
1760227200000,0.5719,0.64,0.5634,0.634,194378,117142.0233,2025-10-12
1760313600000,0.634,0.6564,0.6207,0.6494,133379,84956.3702,2025-10-13
1760400000000,0.6494,0.6499,0.5954,0.6299,168745,104239.2728,2025-10-14
1760486400000,0.6299,0.6424,0.5998,0.6083,166708,103929.8875,2025-10-15
1760572800000,0.6083,0.6207,0.5792,0.587,131211,78955.6069,2025-10-16
1760659200000,0.587,0.5994,0.5543,0.5761,194864,111544.9428,2025-10-17
1760745600000,0.5761,0.5882,0.5732,0.5831,67676,39363.2193,2025-10-18
1760832000000,0.5831,0.605,0.5761,0.595,91478,54005.1304,2025-10-19
1760918400000,0.595,0.6189,0.5848,0.6066,1018919,613219.5724,2025-10-20
1761004800000,0.6066,0.6263,0.5809,0.5833,464601,282566.9649,2025-10-21
1761091200000,0.5833,0.5954,0.5626,0.5794,181914,106097.4216,2025-10-22
1761177600000,0.5794,0.5966,0.5774,0.5854,892016,524292.4146,2025-10-23
1761264000000,0.5854,0.6146,0.5828,0.5975,86720,51611.2276,2025-10-24
1761350400000,0.5975,0.5985,0.5897,0.5958,76506,45492.5331,2025-10-25
1761436800000,0.5958,0.6224,0.5895,0.6183,91337,55425.8886,2025-10-26
1761523200000,0.6183,0.6322,0.611,0.6135,127804,79476.1727,2025-10-27
1761609600000,0.6135,0.6229,0.5875,0.5999,115550,70185.3829,2025-10-28
1761696000000,0.5999,0.607,0.5838,0.5884,253889,152135.1525,2025-10-29
1761782400000,0.5884,0.5992,0.5525,0.5711,183498,105437.2495,2025-10-30
1761868800000,0.5711,0.5811,0.5614,0.5758,122588,70370.005,2025-10-31
1761955200000,0.5758,0.5873,0.5715,0.5856,73087,42488.6919,2025-11-01
1762041600000,0.5856,0.5885,0.5655,0.58,89930,51876.4079,2025-11-02
1762128000000,0.58,0.5813,0.4948,0.5378,320731,173169.3244,2025-11-03
1762214400000,0.5378,0.5447,0.4805,0.5031,241573,124361.2004,2025-11-04
1762300800000,0.5031,0.5226,0.4827,0.5191,136583,69617.28,2025-11-05
1762387200000,0.5191,0.5259,0.4912,0.504,124175,63360.9761,2025-11-06
1762473600000,0.504,0.5378,0.4896,0.5321,192833,99278.4713,2025-11-07
1762560000000,0.5321,0.5413,0.517,0.5231,146712,77659.8588,2025-11-08
1762646400000,0.5231,0.5518,0.5087,0.5436,187836,100638.7292,2025-11-09
1762732800000,0.5436,0.5577,0.5382,0.5492,202168,110734.3683,2025-11-10
1762819200000,0.5492,0.5576,0.5219,0.5227,162733,88547.8986,2025-11-11
1762905600000,0.5227,0.5496,0.5134,0.5185,154179,81807.298,2025-11-12
1762992000000,0.5185,0.541,0.5144,0.5258,57829,30685.6829,2025-11-13
